state_name,county_name,population_2018,asthma_crude_prevalence,asthma_crude_prevalence_ci,asthma_age_adjusted_prevalence,asthma_age_adjusted_prevalence_ci,Days with AQI,Good Days,Moderate Days,Unhealthy for Sensitive Groups Days,Unhealthy Days,Very Unhealthy Days,Hazardous Days,Max AQI,90th Percentile AQI,Median AQI
alabama,baldwin,218022,9.5,"( 9.0, 10.2)",9.6,"( 9.1, 10.2)",270,232,38,0,0,0,0,97,54,37
alabama,clay,13275,11.0,"(10.4, 11.7)",11.1,"(10.5, 11.9)",110,86,24,0,0,0,0,68,54,36
alabama,colbert,54762,10.5,"( 9.9, 11.1)",10.5,"( 9.9, 11.2)",277,235,42,0,0,0,0,93,54,37
alabama,dekalb,71385,11.0,"(10.3, 11.8)",11.0,"(10.3, 11.8)",350,302,48,0,0,0,0,84,54,36
alabama,elmore,81887,10.4,"( 9.8, 11.0)",10.4,"( 9.8, 11.0)",222,203,19,0,0,0,0,71,49,33
alabama,etowah,102501,10.6,"(10.0, 11.3)",10.7,"(10.1, 11.3)",324,169,154,0,1,0,0,154,65,48
alabama,houston,104722,10.8,"(10.2, 11.4)",10.9,"(10.3, 11.5)",277,230,47,0,0,0,0,80,54,37
alabama,jefferson,659300,10.0,"( 9.6, 10.5)",10.0,"( 9.6, 10.6)",365,98,263,3,1,0,0,156,76,56
alabama,lawrence,32957,11.1,"(10.5, 11.8)",11.2,"(10.6, 11.8)",118,99,19,0,0,0,0,66,54,31
alabama,madison,366519,9.6,"( 9.1, 10.1)",9.6,"( 9.1, 10.1)",365,194,170,1,0,0,0,115,62,49
alabama,mobile,413757,10.8,"(10.3, 11.4)",10.8,"(10.3, 11.4)",359,218,140,1,0,0,0,105,61,44
alabama,montgomery,225763,10.9,"(10.3, 11.6)",10.9,"(10.3, 11.6)",324,81,243,0,0,0,0,93,70,57
alabama,morgan,119089,10.2,"( 9.7, 10.9)",10.2,"( 9.7, 10.9)",364,251,113,0,0,0,0,100,59,44
alabama,russell,57781,11.3,"(10.7, 11.9)",11.3,"(10.8, 11.9)",364,199,165,0,0,0,0,99,64,48
alabama,shelby,215707,9.3,"( 8.8,  9.8)",9.2,"( 8.7,  9.8)",242,217,24,1,0,0,0,112,51,38
alabama,sumter,12691,12.2,"(11.5, 13.1)",12.2,"(11.5, 13.0)",357,327,30,0,0,0,0,77,48,31
alabama,tuscaloosa,208911,10.4,"( 9.9, 11.0)",10.4,"( 9.8, 10.9)",320,223,96,1,0,0,0,115,60,42
alaska,aleutians east,3515,7.8,"( 7.5,  8.1)",7.8,"( 7.5,  8.1)",120,120,0,0,0,0,0,46,28,13
alaska,anchorage,291538,9.0,"( 8.6,  9.4)",9.0,"( 8.6,  9.4)",365,288,77,0,0,0,0,87,60,30
alaska,bethel,18216,14.6,"(13.6, 15.6)",14.4,"(13.4, 15.4)",202,194,8,0,0,0,0,77,37,19
alaska,denali,2059,9.1,"( 8.7,  9.7)",9.1,"( 8.6,  9.6)",364,361,3,0,0,0,0,58,44,35
alaska,fairbanks north star,98971,8.9,"( 8.5,  9.3)",8.8,"( 8.4,  9.3)",365,215,111,29,10,0,0,158,103,40
alaska,juneau,32113,8.9,"( 8.6,  9.4)",8.9,"( 8.5,  9.3)",352,268,84,0,0,0,0,85,59,31
alaska,kenai peninsula,58533,9.5,"( 9.0, 10.0)",9.5,"( 9.0, 10.0)",120,120,0,0,0,0,0,36,21,10
alaska,matanuska-susitna,107610,10.0,"( 9.5, 10.5)",9.9,"( 9.4, 10.5)",365,308,53,3,1,0,0,151,58,29
arizona,apache,71818,15.3,"(14.5, 16.3)",15.4,"(14.5, 16.4)",358,354,4,0,0,0,0,58,27,13
arizona,cochise,126770,10.0,"( 9.6, 10.5)",10.1,"( 9.6, 10.6)",365,266,99,0,0,0,0,90,63,45
arizona,coconino,142854,10.9,"(10.4, 11.5)",10.8,"(10.3, 11.2)",365,236,126,3,0,0,0,126,77,45
arizona,gila,53889,11.3,"(10.8, 12.0)",11.7,"(11.2, 12.4)",365,220,122,22,1,0,0,171,87,47
arizona,la paz,21098,10.8,"(10.2, 11.5)",11.4,"(10.9, 12.0)",364,257,104,3,0,0,0,105,71,44
arizona,maricopa,4410824,10.0,"( 9.6, 10.6)",10.0,"( 9.5, 10.6)",365,49,252,57,4,3,0,274,115,71
arizona,mohave,209550,10.6,"(10.0, 11.2)",10.8,"(10.2, 11.4)",363,349,13,1,0,0,0,105,35,18
arizona,navajo,110445,12.8,"(12.2, 13.4)",12.9,"(12.3, 13.6)",363,260,101,2,0,0,0,115,74,44
arizona,pima,1039073,10.4,"( 9.9, 10.9)",10.4,"( 9.9, 10.9)",365,164,190,11,0,0,0,129,84,52
arizona,pinal,447138,10.7,"(10.2, 11.2)",10.7,"(10.2, 11.2)",365,71,243,34,6,3,8,500,108,67
arizona,santa cruz,46511,9.5,"( 8.9, 10.3)",9.5,"( 8.9, 10.4)",365,252,111,1,1,0,0,194,63,39
arizona,yavapai,231993,10.4,"( 9.9, 11.1)",10.6,"(10.1, 11.3)",365,289,75,1,0,0,0,101,61,44
arizona,yuma,212128,10.0,"( 9.5, 10.6)",10.1,"( 9.5, 10.7)",365,202,147,15,1,0,0,169,80,49
arkansas,arkansas,17769,10.7,"(10.2, 11.3)",10.8,"(10.3, 11.4)",118,79,39,0,0,0,0,91,59,43
arkansas,ashley,20046,10.7,"(10.2, 11.3)",10.8,"(10.3, 11.4)",121,82,38,1,0,0,0,103,58,39
arkansas,clark,22061,10.3,"( 9.7, 11.0)",10.2,"( 9.7, 10.7)",361,342,19,0,0,0,0,87,46,31
arkansas,craighead,108558,9.7,"( 9.2, 10.3)",9.7,"( 9.2, 10.4)",90,54,36,0,0,0,0,75,61,46
arkansas,crittenden,48342,11.3,"(10.7, 11.9)",11.3,"(10.7, 12.0)",365,206,156,3,0,0,0,115,61,47
arkansas,garland,99154,9.7,"( 9.2, 10.3)",9.9,"( 9.3, 10.5)",121,77,44,0,0,0,0,88,59,42
arkansas,jackson,16811,11.0,"(10.4, 11.6)",11.0,"(10.4, 11.7)",122,82,40,0,0,0,0,74,58,41
arkansas,newton,7805,9.9,"( 9.3, 10.7)",10.1,"( 9.5, 10.9)",364,326,38,0,0,0,0,84,51,36
arkansas,polk,20049,10.3,"( 9.7, 11.0)",10.4,"( 9.8, 11.0)",363,293,70,0,0,0,0,93,57,40
arkansas,pulaski,392680,10.2,"( 9.7, 10.7)",10.3,"( 9.8, 10.8)",365,164,199,2,0,0,0,122,66,52
arkansas,union,39126,10.4,"( 9.8, 10.9)",10.4,"( 9.9, 11.0)",365,189,173,3,0,0,0,122,63,49
arkansas,washington,236961,9.6,"( 9.0, 10.3)",9.6,"( 9.0, 10.2)",365,196,169,0,0,0,0,87,67,48
california,alameda,1666753,8.3,"( 8.0,  8.7)",8.3,"( 8.0,  8.7)",365,77,271,5,9,3,0,248,79,57
california,amador,39383,9.5,"( 9.0, 10.0)",9.5,"( 9.0, 10.0)",364,288,70,6,0,0,0,129,71,40
california,butte,231256,10.1,"( 9.6, 10.7)",10.1,"( 9.6, 10.7)",365,97,228,22,10,3,5,500,104,59
california,calaveras,45602,9.8,"( 9.3, 10.3)",9.9,"( 9.4, 10.4)",364,52,292,14,6,0,0,160,87,58
california,colusa,21627,9.7,"( 9.2, 10.2)",9.7,"( 9.1, 10.3)",365,206,131,10,17,1,0,299,84,46
california,contra costa,1150215,9.0,"( 8.6,  9.5)",9.0,"( 8.6,  9.4)",365,111,236,7,8,3,0,270,74,55
california,del norte,27828,10.5,"(10.0, 11.1)",10.5,"(10.0, 11.1)",180,134,46,0,0,0,0,80,58,33
california,el dorado,190678,9.2,"( 8.7,  9.7)",9.2,"( 8.7,  9.7)",365,221,107,27,9,1,0,203,101,45
california,fresno,994400,10.2,"( 9.6, 10.7)",10.2,"( 9.6, 10.7)",365,61,206,79,19,0,0,185,133,75
california,glenn,28047,10.1,"( 9.6, 10.6)",10.1,"( 9.6, 10.7)",363,242,105,9,6,1,0,255,71,39
california,humboldt,136373,10.5,"( 9.9, 11.0)",10.5,"( 9.9, 11.1)",365,301,58,5,1,0,0,167,58,35
california,imperial,181827,9.3,"( 8.7,  9.9)",9.3,"( 8.7,  9.9)",365,67,248,41,7,2,0,286,108,64
california,inyo,17987,9.7,"( 9.3, 10.3)",9.9,"( 9.4, 10.4)",365,192,136,26,7,2,2,500,101,49
california,kern,896764,10.2,"( 9.7, 10.7)",10.2,"( 9.7, 10.7)",365,45,190,103,27,0,0,190,142,84
california,kings,151366,9.7,"( 9.2, 10.2)",9.7,"( 9.3, 10.2)",365,68,239,49,9,0,0,190,114,70
california,lake,64382,10.5,"( 9.9, 11.1)",10.5,"(10.0, 11.1)",357,344,10,1,1,1,0,233,43,33
california,los angeles,10105518,8.5,"( 8.1,  8.9)",8.4,"( 8.1,  8.9)",365,7,250,89,18,1,0,201,130,78
california,madera,157672,10.1,"( 9.6, 10.7)",10.1,"( 9.6, 10.7)",365,122,208,30,5,0,0,169,100,58
california,marin,259666,8.7,"( 8.2,  9.2)",8.6,"( 8.2,  9.2)",365,235,117,3,9,1,0,243,63,43
california,mariposa,17471,9.8,"( 9.3, 10.4)",10.0,"( 9.5, 10.6)",365,156,169,10,13,15,2,352,108,53
california,mendocino,87606,10.2,"( 9.7, 10.8)",10.3,"( 9.7, 10.8)",364,217,126,13,6,1,1,376,69,46
california,merced,274765,10.0,"( 9.5, 10.5)",10.0,"( 9.4, 10.5)",365,110,214,32,9,0,0,178,101,56
california,mono,14250,9.2,"( 8.7,  9.7)",9.1,"( 8.6,  9.6)",365,252,84,14,10,3,2,500,85,27
california,monterey,435594,9.2,"( 8.7,  9.7)",9.2,"( 8.7,  9.7)",365,258,100,5,2,0,0,157,57,42
california,napa,139417,8.8,"( 8.4,  9.3)",8.8,"( 8.4,  9.3)",364,210,142,4,8,0,0,195,65,46
california,nevada,99696,9.3,"( 8.8,  9.9)",9.4,"( 8.9, 10.0)",363,231,104,19,7,2,0,218,87,45
california,orange,3185968,8.1,"( 7.7,  8.6)",8.1,"( 7.7,  8.6)",365,114,233,15,3,0,0,160,86,54
california,placer,393149,9.0,"( 8.6,  9.5)",9.1,"( 8.6,  9.6)",365,213,127,16,7,2,0,248,84,46
california,plumas,18804,9.7,"( 9.2, 10.2)",9.9,"( 9.4, 10.5)",350,186,154,8,2,0,0,162,85,47
california,riverside,2450758,9.2,"( 8.8,  9.7)",9.2,"( 8.8,  9.7)",365,32,193,102,32,6,0,296,153,87
california,sacramento,1540975,10.0,"( 9.5, 10.4)",9.9,"( 9.5, 10.4)",365,104,226,22,6,5,2,376,100,58
california,san benito,61537,9.1,"( 8.7,  9.7)",9.0,"( 8.6,  9.6)",365,270,84,11,0,0,0,143,63,42
california,san bernardino,2171603,9.6,"( 9.2, 10.1)",9.5,"( 9.1, 10.0)",365,14,197,96,51,7,0,221,164,89
california,san diego,3343364,8.6,"( 8.2,  9.0)",8.6,"( 8.2,  9.0)",365,28,302,35,0,0,0,143,100,67
california,san francisco,883305,7.6,"( 7.3,  8.0)",7.7,"( 7.4,  8.1)",365,222,129,2,10,2,0,252,66,44
california,san joaquin,752660,9.4,"( 9.0,  9.8)",9.3,"( 8.9,  9.8)",365,91,241,20,8,4,1,365,99,59
california,san luis obispo,284010,9.3,"( 8.9,  9.9)",9.3,"( 8.8,  9.8)",365,147,209,9,0,0,0,133,77,53
california,san mateo,769545,7.6,"( 7.3,  8.0)",7.7,"( 7.3,  8.0)",365,236,116,3,10,0,0,197,61,42
california,santa barbara,446527,9.3,"( 8.8,  9.9)",9.2,"( 8.7,  9.8)",365,173,190,2,0,0,0,114,67,51
california,santa clara,1937570,7.5,"( 7.2,  7.9)",7.5,"( 7.2,  7.9)",365,154,194,6,9,2,0,214,72,53
california,santa cruz,274255,9.3,"( 8.8,  9.8)",9.2,"( 8.7,  9.7)",365,273,82,5,5,0,0,177,56,41
california,shasta,180040,10.2,"( 9.7, 10.8)",10.3,"( 9.7, 10.9)",365,272,72,15,5,1,0,206,84,43
california,siskiyou,43724,10.3,"( 9.7, 10.8)",10.4,"( 9.9, 11.0)",365,247,78,16,21,3,0,219,119,42
california,solano,446610,9.6,"( 9.3,  9.9)",9.6,"( 9.2,  9.9)",365,184,166,3,11,1,0,272,69,50
california,sonoma,499942,9.2,"( 8.7,  9.8)",9.2,"( 8.7,  9.8)",365,304,48,3,8,2,0,250,57,39
california,stanislaus,549815,10.0,"( 9.5, 10.5)",10.0,"( 9.5, 10.5)",365,109,209,32,11,4,0,265,108,59
california,sutter,96807,9.6,"( 9.1, 10.1)",9.6,"( 9.2, 10.1)",365,94,236,22,6,6,1,420,100,58
california,tehama,63916,10.5,"(10.0, 11.1)",10.5,"(10.0, 11.1)",365,208,128,16,12,1,0,206,96,48
california,trinity,12535,10.5,"(10.0, 11.2)",10.7,"(10.2, 11.3)",291,117,155,12,5,2,0,209,82,54
california,tulare,465861,10.1,"( 9.5, 10.7)",10.1,"( 9.5, 10.7)",365,50,194,95,26,0,0,180,140,79
california,tuolumne,54539,9.7,"( 9.2, 10.3)",9.8,"( 9.3, 10.4)",348,254,73,20,1,0,0,154,80,43
california,ventura,850967,8.9,"( 8.5,  9.4)",8.9,"( 8.4,  9.4)",365,94,254,16,1,0,0,166,88,57
california,yolo,220408,9.3,"( 8.9,  9.9)",9.2,"( 8.8,  9.7)",365,216,135,5,7,2,0,260,71,45
colorado,adams,511868,9.7,"( 9.2, 10.2)",9.6,"( 9.1, 10.2)",365,138,224,3,0,0,0,130,74,54
colorado,alamosa,16683,10.0,"( 9.5, 10.6)",9.9,"( 9.4, 10.4)",360,348,11,0,0,1,0,235,37,19
colorado,arapahoe,651215,9.5,"( 9.1, 10.0)",9.5,"( 9.0,  9.9)",365,227,123,14,1,0,0,156,87,46
colorado,archuleta,13765,9.3,"( 8.7,  9.9)",9.3,"( 8.8,  9.9)",365,333,32,0,0,0,0,97,50,38
colorado,boulder,326078,8.8,"( 8.4,  9.4)",8.7,"( 8.3,  9.3)",362,198,135,28,1,0,0,159,96,49
colorado,chaffee,20027,9.2,"( 8.7,  9.8)",9.3,"( 8.7,  9.9)",164,67,91,5,1,0,0,161,87,58
colorado,clear creek,9605,9.0,"( 8.5,  9.5)",8.9,"( 8.5,  9.5)",291,145,118,25,3,0,0,164,100,51
colorado,delta,30953,10.0,"( 9.4, 10.7)",10.1,"( 9.5, 10.8)",297,264,33,0,0,0,0,85,52,36
colorado,denver,716492,9.0,"( 8.5,  9.6)",9.0,"( 8.6,  9.6)",365,124,231,10,0,0,0,150,80,54
colorado,douglas,342776,8.7,"( 8.3,  9.2)",8.6,"( 8.2,  9.1)",364,194,143,24,3,0,0,156,97,49
colorado,el paso,713856,9.1,"( 8.7,  9.6)",9.1,"( 8.6,  9.5)",365,217,140,8,0,0,0,119,84,47
colorado,fremont,48021,9.7,"( 9.2, 10.2)",9.7,"( 9.2, 10.2)",20,20,0,0,0,0,0,36,20,15
colorado,garfield,59770,9.3,"( 8.7,  9.9)",9.2,"( 8.7,  9.8)",365,214,135,15,1,0,0,151,87,48
colorado,grand,15525,9.4,"( 8.8,  9.9)",9.3,"( 8.8,  9.9)",166,110,54,1,1,0,0,151,67,47
colorado,gunnison,17246,9.2,"( 8.7,  9.9)",9.1,"( 8.6,  9.7)",365,235,125,4,1,0,0,156,77,47
colorado,jackson,1399,9.9,"( 9.4, 10.6)",10.0,"( 9.4, 10.7)",116,113,3,0,0,0,0,64,27,9
colorado,jefferson,580233,9.2,"( 8.8,  9.8)",9.2,"( 8.8,  9.8)",365,229,99,35,2,0,0,151,101,46
colorado,la plata,56310,9.4,"( 8.9,  9.9)",9.4,"( 8.9,  9.9)",365,236,109,10,7,3,0,243,80,45
colorado,larimer,350518,9.2,"( 8.8,  9.8)",9.2,"( 8.7,  9.8)",365,160,177,25,3,0,0,169,97,53
colorado,mesa,153207,9.7,"( 9.1, 10.3)",9.7,"( 9.2, 10.4)",365,193,167,5,0,0,0,150,80,49
colorado,moffat,13188,9.8,"( 9.3, 10.4)",9.8,"( 9.3, 10.4)",331,262,68,1,0,0,0,108,61,42
colorado,montezuma,26158,10.3,"( 9.8, 10.9)",10.5,"( 9.9, 11.0)",359,259,96,4,0,0,0,115,71,44
colorado,montrose,42214,9.8,"( 9.3, 10.5)",9.9,"( 9.4, 10.6)",326,257,68,1,0,0,0,122,64,42
colorado,park,18556,9.2,"( 8.7,  9.7)",9.1,"( 8.6,  9.6)",324,161,145,17,1,0,0,174,90,51
colorado,pitkin,17950,8.5,"( 8.1,  9.1)",8.6,"( 8.1,  9.2)",123,120,3,0,0,0,0,53,33,15
colorado,prowers,12164,10.0,"( 9.5, 10.7)",10.1,"( 9.5, 10.7)",359,353,5,1,0,0,0,103,31,16
colorado,pueblo,167529,9.8,"( 9.4, 10.3)",9.9,"( 9.4, 10.4)",123,108,14,1,0,0,0,101,51,29
colorado,rio blanco,6336,9.8,"( 9.3, 10.4)",9.8,"( 9.3, 10.3)",365,215,148,2,0,0,0,108,71,47
colorado,routt,25733,9.0,"( 8.5,  9.6)",9.0,"( 8.4,  9.6)",355,354,1,0,0,0,0,51,30,15
colorado,san juan,762,9.0,"( 8.6,  9.6)",9.1,"( 8.6,  9.6)",118,109,9,0,0,0,0,100,33,10
colorado,san miguel,8191,8.9,"( 8.4,  9.5)",8.8,"( 8.3,  9.4)",238,160,76,2,0,0,0,101,71,46
colorado,teller,25083,9.4,"( 8.8, 10.0)",9.3,"( 8.8,  9.9)",160,63,85,12,0,0,0,133,97,58
colorado,weld,314305,9.3,"( 8.9,  9.9)",9.3,"( 8.8,  9.9)",365,138,217,10,0,0,0,133,87,54
connecticut,fairfield,943823,8.9,"( 8.5,  9.4)",8.9,"( 8.4,  9.3)",365,218,126,14,7,0,0,185,80,46
connecticut,hartford,892697,10.3,"( 9.8, 10.8)",10.2,"( 9.8, 10.7)",365,240,123,2,0,0,0,143,64,42
connecticut,litchfield,181111,10.0,"( 9.5, 10.6)",10.0,"( 9.5, 10.7)",363,308,51,4,0,0,0,133,57,36
connecticut,middlesex,162682,9.6,"( 9.0, 10.2)",9.6,"( 9.0, 10.2)",208,168,32,8,0,0,0,126,67,40
connecticut,new haven,857620,11.2,"(10.7, 11.8)",11.2,"(10.7, 11.8)",365,220,131,12,2,0,0,156,71,44
connecticut,new london,266784,10.1,"( 9.6, 10.7)",10.1,"( 9.6, 10.7)",315,260,49,6,0,0,0,140,56,39
connecticut,tolland,150921,9.9,"( 9.3, 10.6)",9.7,"( 9.2, 10.3)",213,189,20,4,0,0,0,140,54,38
connecticut,windham,117027,11.2,"(10.6, 12.0)",11.2,"(10.6, 11.9)",358,332,20,6,0,0,0,129,47,34
delaware,kent,178550,10.6,"(10.1, 11.1)",10.6,"(10.1, 11.2)",365,267,96,2,0,0,0,133,59,42
delaware,new castle,559335,9.5,"( 9.0,  9.9)",9.4,"( 9.0,  9.9)",365,212,147,6,0,0,0,150,71,48
delaware,sussex,229286,9.8,"( 9.3, 10.5)",10.0,"( 9.5, 10.6)",365,256,105,4,0,0,0,140,61,42
district of columbia,district of columbia,702455,10.6,"(10.1, 11.2)",10.7,"(10.2, 11.2)",365,167,192,5,1,0,0,164,74,52
florida,alachua,269956,9.1,"( 8.7,  9.7)",9.0,"( 8.6,  9.5)",364,317,47,0,0,0,0,90,52,37
florida,baker,28355,9.3,"( 8.8,  9.9)",9.3,"( 8.8,  9.9)",360,341,19,0,0,0,0,87,46,31
florida,bay,185287,9.1,"( 8.7,  9.7)",9.2,"( 8.7,  9.7)",323,209,113,1,0,0,0,126,58,44
florida,brevard,596849,8.8,"( 8.3,  9.3)",8.9,"( 8.5,  9.4)",365,288,76,1,0,0,0,129,55,41
florida,broward,1951260,8.7,"( 8.4,  9.1)",8.7,"( 8.4,  9.2)",365,191,174,0,0,0,0,100,61,49
florida,citrus,147929,9.0,"( 8.5,  9.6)",9.4,"( 8.8, 10.0)",350,247,103,0,0,0,0,73,56,43
florida,collier,378488,8.0,"( 7.5,  8.5)",8.1,"( 7.7,  8.5)",365,262,103,0,0,0,0,80,58,42
florida,columbia,70503,9.8,"( 9.3, 10.4)",9.8,"( 9.3, 10.4)",359,267,91,1,0,0,0,111,58,41
florida,duval,950181,9.5,"( 9.1, 10.0)",9.5,"( 9.1, 10.0)",365,177,183,4,1,0,0,156,65,51
florida,escambia,315534,9.2,"( 8.8,  9.6)",9.2,"( 8.8,  9.7)",365,306,59,0,0,0,0,93,54,38
florida,flagler,112067,8.7,"( 8.3,  9.2)",8.9,"( 8.5,  9.4)",345,330,15,0,0,0,0,77,47,32
florida,hamilton,14310,10.0,"( 9.5, 10.5)",10.0,"( 9.5, 10.4)",307,205,102,0,0,0,0,69,56,43
florida,highlands,105424,8.9,"( 8.5,  9.5)",9.3,"( 8.8,  9.8)",351,337,13,1,0,0,0,108,47,31
florida,hillsborough,1436888,8.5,"( 8.2,  9.0)",8.5,"( 8.1,  8.9)",365,168,193,4,0,0,0,122,63,51
florida,holmes,19477,10.2,"( 9.6, 10.9)",10.2,"( 9.6, 10.9)",346,236,110,0,0,0,0,81,58,43
florida,indian river,157413,8.5,"( 8.0,  9.0)",8.8,"( 8.3,  9.3)",356,325,30,1,0,0,0,101,49,36
florida,lake,356495,8.7,"( 8.3,  9.2)",8.9,"( 8.5,  9.4)",363,331,31,1,0,0,0,101,49,33
florida,lee,754610,8.4,"( 8.0,  8.9)",8.6,"( 8.1,  9.1)",365,294,70,1,0,0,0,106,57,38
florida,leon,292502,9.1,"( 8.6,  9.7)",9.0,"( 8.6,  9.4)",355,217,138,0,0,0,0,97,61,46
florida,liberty,8457,9.1,"( 8.7,  9.7)",9.1,"( 8.6,  9.7)",284,273,11,0,0,0,0,71,47,31
florida,manatee,394855,8.6,"( 8.1,  9.1)",8.8,"( 8.3,  9.3)",365,330,33,2,0,0,0,119,50,34
florida,marion,359977,9.1,"( 8.7,  9.7)",9.4,"( 8.9,  9.9)",365,273,92,0,0,0,0,90,56,42
florida,martin,160912,8.0,"( 7.6,  8.6)",8.2,"( 7.8,  8.7)",365,285,79,1,0,0,0,112,55,42
florida,miami-dade,2761581,7.9,"( 7.5,  8.4)",7.9,"( 7.5,  8.4)",365,194,167,4,0,0,0,126,61,49
florida,nassau,85832,8.4,"( 7.9,  8.9)",8.5,"( 7.9,  9.0)",271,192,79,0,0,0,0,86,56,43
florida,okaloosa,207269,8.6,"( 8.2,  9.2)",8.7,"( 8.3,  9.2)",353,325,28,0,0,0,0,80,49,33
florida,orange,1380645,8.9,"( 8.5,  9.3)",8.8,"( 8.5,  9.2)",365,286,77,1,1,0,0,151,55,40
florida,osceola,367990,8.2,"( 7.9,  8.6)",8.2,"( 7.8,  8.6)",365,330,33,2,0,0,0,126,50,33
florida,palm beach,1485941,8.3,"( 7.9,  8.7)",8.5,"( 8.1,  8.8)",365,260,105,0,0,0,0,91,58,42
florida,pasco,539630,8.7,"( 8.3,  9.3)",8.8,"( 8.4,  9.4)",365,324,39,2,0,0,0,129,54,35
florida,pinellas,975280,8.8,"( 8.4,  9.3)",9.0,"( 8.5,  9.5)",365,245,120,0,0,0,0,100,59,46
florida,polk,708009,9.0,"( 8.6,  9.5)",9.1,"( 8.7,  9.6)",365,290,73,2,0,0,0,112,56,39
florida,putnam,74163,10.1,"( 9.5, 10.7)",10.2,"( 9.7, 10.8)",302,301,1,0,0,0,0,51,23,14
florida,st. lucie,321128,9.0,"( 8.6,  9.4)",9.1,"( 8.7,  9.6)",360,342,18,0,0,0,0,100,47,33
florida,santa rosa,179349,8.7,"( 8.2,  9.2)",8.7,"( 8.2,  9.2)",363,240,123,0,0,0,0,90,58,43
florida,sarasota,426718,8.1,"( 7.7,  8.7)",8.4,"( 8.0,  8.9)",365,239,126,0,0,0,0,97,60,45
florida,seminole,467832,8.3,"( 8.0,  8.7)",8.3,"( 7.9,  8.8)",365,309,54,2,0,0,0,150,58,39
florida,volusia,547538,8.7,"( 8.3,  9.2)",8.8,"( 8.4,  9.3)",365,291,74,0,0,0,0,80,55,41
florida,wakulla,32461,8.9,"( 8.4,  9.5)",8.9,"( 8.4,  9.4)",353,266,87,0,0,0,0,98,58,41
georgia,bibb,153095,10.8,"(10.2, 11.4)",10.8,"(10.2, 11.4)",362,250,111,1,0,0,0,106,60,42
georgia,charlton,12968,10.2,"( 9.7, 10.8)",10.2,"( 9.7, 10.8)",114,105,9,0,0,0,0,65,46,26
georgia,chatham,289195,9.6,"( 9.1, 10.1)",9.6,"( 9.2, 10.1)",363,232,131,0,0,0,0,77,58,44
georgia,chattooga,24790,10.5,"( 9.8, 11.2)",10.5,"( 9.8, 11.3)",245,224,21,0,0,0,0,87,50,35
georgia,clarke,127330,10.2,"( 9.5, 11.0)",10.0,"( 9.5, 10.6)",332,207,123,2,0,0,0,105,61,46
georgia,clayton,289615,11.1,"(10.5, 11.8)",11.0,"(10.3, 11.7)",120,72,48,0,0,0,0,71,59,44
georgia,cobb,756865,8.7,"( 8.2,  9.1)",8.6,"( 8.2,  9.0)",286,213,73,0,0,0,0,100,61,41
georgia,coffee,43093,10.2,"( 9.7, 10.8)",10.1,"( 9.6, 10.7)",116,106,10,0,0,0,0,69,49,29
georgia,columbia,154291,8.7,"( 8.3,  9.2)",8.7,"( 8.3,  9.1)",245,223,22,0,0,0,0,90,50,36
georgia,dawson,25083,8.7,"( 8.1,  9.4)",8.7,"( 8.1,  9.4)",245,222,21,2,0,0,0,108,50,35
georgia,dekalb,756558,9.3,"( 8.8,  9.8)",9.3,"( 8.8,  9.8)",365,195,170,0,0,0,0,100,63,49
georgia,dougherty,91243,11.4,"(10.7, 12.3)",11.4,"(10.7, 12.3)",357,227,129,1,0,0,0,137,62,39
georgia,douglas,145331,9.8,"( 9.3, 10.3)",9.7,"( 9.2, 10.2)",242,214,28,0,0,0,0,93,51,37
georgia,floyd,97927,9.8,"( 9.2, 10.4)",9.8,"( 9.2, 10.4)",333,151,182,0,0,0,0,82,64,52
georgia,fulton,1050114,8.7,"( 8.3,  9.2)",8.7,"( 8.3,  9.1)",365,153,208,4,0,0,0,133,68,52
georgia,glynn,85219,9.6,"( 9.1, 10.2)",9.7,"( 9.1, 10.3)",272,247,25,0,0,0,0,74,49,35
georgia,gwinnett,927781,8.6,"( 8.2,  9.0)",8.5,"( 8.1,  8.8)",361,160,201,0,0,0,0,87,66,52
georgia,hall,202148,9.1,"( 8.6,  9.7)",9.1,"( 8.6,  9.6)",322,220,102,0,0,0,0,72,58,41
georgia,henry,230220,9.4,"( 9.0,  9.9)",9.3,"( 8.8,  9.8)",354,246,105,3,0,0,0,115,60,38
georgia,houston,155469,9.6,"( 9.2, 10.1)",9.6,"( 9.2, 10.0)",322,196,124,2,0,0,0,108,63,46
georgia,lowndes,116321,10.4,"( 9.8, 10.9)",10.3,"( 9.8, 10.8)",315,167,148,0,0,0,0,94,59,49
georgia,murray,39921,10.0,"( 9.3, 10.7)",9.9,"( 9.2, 10.6)",271,232,39,0,0,0,0,100,54,37
georgia,muscogee,194160,9.9,"( 9.4, 10.3)",9.9,"( 9.4, 10.3)",364,257,107,0,0,0,0,98,59,39
georgia,pike,18634,9.3,"( 8.8,  9.9)",9.3,"( 8.8,  9.9)",288,274,13,1,0,0,0,115,46,33
georgia,richmond,201554,10.6,"(10.1, 11.2)",10.6,"(10.1, 11.2)",364,200,160,4,0,0,0,150,63,47
georgia,rockdale,90594,10.2,"( 9.7, 10.8)",10.1,"( 9.6, 10.8)",243,200,41,2,0,0,0,112,61,36
georgia,sumter,29733,10.9,"(10.4, 11.6)",10.9,"(10.3, 11.5)",241,219,22,0,0,0,0,80,50,34
georgia,walker,69410,9.8,"( 9.2, 10.5)",9.8,"( 9.2, 10.6)",347,196,151,0,0,0,0,75,61,47
georgia,washington,20386,10.7,"(10.2, 11.3)",10.7,"(10.2, 11.3)",121,96,25,0,0,0,0,70,56,37
hawaii,hawaii,200983,10.4,"(10.1, 10.8)",10.7,"(10.3, 11.0)",365,140,211,12,2,0,0,153,89,55
hawaii,honolulu,980080,9.0,"( 8.7,  9.3)",9.1,"( 8.8,  9.5)",365,353,12,0,0,0,0,73,43,31
hawaii,kauai,72133,9.1,"( 8.8,  9.4)",9.3,"( 9.0,  9.7)",355,350,5,0,0,0,0,56,34,18
hawaii,maui,167207,9.4,"( 9.1,  9.7)",9.5,"( 9.2,  9.8)",361,347,14,0,0,0,0,76,39,25
idaho,ada,469966,8.6,"( 8.1,  9.1)",8.6,"( 8.1,  9.2)",365,266,92,7,0,0,0,134,72,42
idaho,bannock,87138,9.7,"( 9.2, 10.3)",9.7,"( 9.2, 10.3)",365,298,63,2,2,0,0,174,60,29
idaho,benewah,9226,10.5,"( 9.9, 11.1)",10.6,"(10.1, 11.3)",361,156,192,11,2,0,0,164,80,53
idaho,blaine,22601,9.0,"( 8.4,  9.6)",8.9,"( 8.4,  9.5)",363,313,47,3,0,0,0,143,55,17
idaho,boise,7634,9.3,"( 8.8, 10.0)",9.4,"( 8.8, 10.0)",365,169,190,6,0,0,0,130,70,52
idaho,bonner,44727,9.8,"( 9.2, 10.4)",9.9,"( 9.3, 10.6)",363,258,89,11,4,1,0,270,64,39
idaho,bonneville,116854,9.4,"( 8.9, 10.0)",9.4,"( 8.9, 10.0)",352,268,81,2,1,0,0,154,61,36
idaho,butte,2611,9.4,"( 8.9, 10.0)",9.6,"( 9.1, 10.1)",363,311,49,3,0,0,0,115,54,41
idaho,canyon,223499,9.9,"( 9.3, 10.4)",9.9,"( 9.3, 10.4)",365,254,106,5,0,0,0,134,69,35
idaho,custer,4280,9.8,"( 9.2, 10.6)",10.0,"( 9.4, 10.8)",90,85,3,2,0,0,0,128,26,7
idaho,franklin,13726,9.6,"( 9.0, 10.2)",9.6,"( 9.0, 10.2)",319,249,67,3,0,0,0,124,61,25
idaho,idaho,16513,9.6,"( 9.0, 10.2)",9.7,"( 9.2, 10.4)",365,248,115,2,0,0,0,134,64,43
idaho,jerome,24015,9.9,"( 9.4, 10.6)",9.9,"( 9.3, 10.5)",320,270,45,5,0,0,0,145,57,24
idaho,kootenai,161505,9.5,"( 9.0, 10.1)",9.6,"( 9.0, 10.2)",331,240,81,5,4,1,0,229,65,33
idaho,latah,40134,9.6,"( 9.0, 10.4)",9.6,"( 9.0, 10.1)",365,327,32,5,1,0,0,184,52,14
idaho,lemhi,7961,9.7,"( 9.1, 10.4)",10.0,"( 9.4, 10.7)",360,225,132,3,0,0,0,121,74,38
idaho,nez perce,40408,10.1,"( 9.6, 10.6)",10.2,"( 9.7, 10.8)",365,273,87,4,1,0,0,188,67,25
idaho,shoshone,12796,10.5,"( 9.8, 11.1)",10.6,"( 9.9, 11.3)",365,157,195,12,1,0,0,153,85,53
idaho,twin falls,86081,9.7,"( 9.1, 10.2)",9.7,"( 9.2, 10.3)",355,271,79,3,2,0,0,151,60,39
idaho,valley,11041,8.9,"( 8.4,  9.5)",9.0,"( 8.5,  9.6)",353,254,97,2,0,0,0,108,62,29
illinois,adams,65691,9.6,"( 9.1, 10.3)",9.8,"( 9.2, 10.5)",245,228,17,0,0,0,0,87,49,35
illinois,champaign,209983,9.5,"( 9.0, 10.0)",9.4,"( 9.0,  9.9)",365,209,152,4,0,0,0,112,65,47
illinois,clark,15596,9.8,"( 9.2, 10.5)",9.9,"( 9.3, 10.6)",359,337,21,1,0,0,0,101,48,32
illinois,cook,5180493,9.3,"( 8.9,  9.8)",9.4,"( 8.9,  9.8)",365,86,260,15,4,0,0,177,86,59
illinois,dupage,928589,8.4,"( 8.0,  8.9)",8.4,"( 7.9,  8.9)",361,136,221,4,0,0,0,112,72,53
illinois,effingham,34208,9.5,"( 9.0, 10.2)",9.6,"( 9.0, 10.2)",245,214,30,1,0,0,0,112,51,39
illinois,hamilton,8163,9.7,"( 9.1, 10.4)",9.8,"( 9.2, 10.6)",362,212,147,3,0,0,0,105,63,47
illinois,jersey,21847,9.6,"( 9.1, 10.2)",9.6,"( 9.1, 10.3)",356,208,145,3,0,0,0,122,66,47
illinois,jo daviess,21366,9.3,"( 8.7,  9.9)",9.4,"( 8.9, 10.1)",344,323,19,2,0,0,0,119,47,33
illinois,kane,534216,8.9,"( 8.4,  9.5)",8.9,"( 8.4,  9.4)",364,275,84,5,0,0,0,122,63,39
illinois,lake,700832,8.5,"( 8.1,  9.0)",8.4,"( 8.0,  8.9)",352,304,40,6,2,0,0,164,58,35
illinois,mchenry,308570,9.1,"( 8.6,  9.7)",9.0,"( 8.5,  9.6)",362,213,141,8,0,0,0,122,71,46
illinois,mclean,172828,9.4,"( 8.9, 10.1)",9.3,"( 8.8,  9.8)",365,169,195,1,0,0,0,108,67,52
illinois,macon,104712,10.1,"( 9.6, 10.7)",10.3,"( 9.8, 10.9)",365,162,200,3,0,0,0,126,67,52
illinois,macoupin,45313,9.8,"( 9.3, 10.4)",9.9,"( 9.3, 10.6)",333,300,30,3,0,0,0,115,50,36
illinois,madison,264461,9.7,"( 9.2, 10.3)",9.8,"( 9.2, 10.4)",365,159,196,8,2,0,0,154,74,53
illinois,peoria,180621,10.0,"( 9.5, 10.6)",10.1,"( 9.6, 10.7)",365,189,173,3,0,0,0,101,67,49
illinois,randolph,32106,9.9,"( 9.4, 10.6)",10.0,"( 9.4, 10.6)",363,225,137,1,0,0,0,129,61,46
illinois,rock island,143477,9.6,"( 9.1, 10.2)",9.6,"( 9.2, 10.2)",365,212,152,1,0,0,0,101,63,46
illinois,sangamon,195348,9.8,"( 9.3, 10.4)",9.9,"( 9.3, 10.5)",363,189,173,1,0,0,0,122,66,49
illinois,will,692310,9.0,"( 8.6,  9.5)",8.9,"( 8.5,  9.4)",365,194,167,4,0,0,0,126,70,49
illinois,winnebago,284081,10.0,"( 9.5, 10.6)",10.0,"( 9.5, 10.6)",362,310,49,2,1,0,0,151,54,36
indiana,allen,375351,10.3,"( 9.8, 10.9)",10.3,"( 9.8, 10.9)",365,193,166,6,0,0,0,122,68,50
indiana,bartholomew,82753,9.5,"( 8.9, 10.1)",9.5,"( 8.9, 10.2)",365,242,119,4,0,0,0,108,63,44
indiana,boone,66999,9.1,"( 8.6,  9.8)",9.1,"( 8.5,  9.8)",365,324,36,5,0,0,0,112,54,34
indiana,brown,15234,9.9,"( 9.3, 10.7)",10.0,"( 9.4, 10.8)",363,339,24,0,0,0,0,97,48,33
indiana,carroll,20127,10.0,"( 9.4, 10.6)",10.0,"( 9.4, 10.8)",359,337,19,3,0,0,0,115,48,32
indiana,clark,117360,10.0,"( 9.5, 10.7)",10.0,"( 9.5, 10.7)",357,276,77,4,0,0,0,122,61,37
indiana,delaware,114772,10.8,"(10.1, 11.6)",10.7,"(10.1, 11.4)",361,301,56,4,0,0,0,129,58,36
indiana,dubois,42565,9.8,"( 9.2, 10.4)",9.8,"( 9.2, 10.5)",119,71,48,0,0,0,0,89,62,42
indiana,elkhart,205560,10.3,"( 9.7, 10.9)",10.3,"( 9.7, 10.9)",363,228,132,3,0,0,0,105,62,44
indiana,floyd,77781,10.0,"( 9.5, 10.7)",10.0,"( 9.5, 10.7)",346,295,46,5,0,0,0,143,55,35
indiana,greene,32006,10.4,"( 9.8, 11.1)",10.5,"( 9.8, 11.2)",361,294,64,3,0,0,0,129,59,38
indiana,hamilton,330086,8.8,"( 8.3,  9.4)",8.7,"( 8.2,  9.3)",365,229,130,6,0,0,0,129,63,45
indiana,hendricks,167009,9.3,"( 8.8,  9.9)",9.3,"( 8.7,  9.8)",365,335,28,2,0,0,0,108,48,33
indiana,henry,48271,10.3,"( 9.7, 11.0)",10.3,"( 9.7, 11.0)",116,80,35,1,0,0,0,111,60,41
indiana,howard,82366,10.5,"(10.0, 11.2)",10.6,"(10.0, 11.3)",365,234,126,5,0,0,0,108,61,44
indiana,huntington,36240,10.1,"( 9.5, 10.8)",10.1,"( 9.5, 10.8)",358,337,21,0,0,0,0,97,46,31
indiana,jackson,44111,10.4,"( 9.8, 11.2)",10.4,"( 9.8, 11.2)",341,321,20,0,0,0,0,90,47,32
indiana,knox,36895,10.4,"( 9.8, 11.1)",10.4,"( 9.8, 11.1)",357,311,42,4,0,0,0,122,54,35
indiana,lake,484411,10.2,"( 9.7, 10.6)",10.2,"( 9.7, 10.6)",365,139,220,5,1,0,0,151,69,54
indiana,laporte,110007,10.4,"( 9.8, 11.0)",10.4,"( 9.9, 11.0)",363,288,68,6,1,0,0,161,61,37
indiana,madison,129641,11.0,"(10.3, 11.6)",11.0,"(10.4, 11.7)",365,199,159,7,0,0,0,136,63,48
indiana,marion,954670,10.9,"(10.3, 11.4)",10.9,"(10.3, 11.4)",365,105,249,10,1,0,0,158,73,55
indiana,monroe,146917,9.9,"( 9.3, 10.8)",9.8,"( 9.3, 10.5)",335,182,153,0,0,0,0,98,63,48
indiana,morgan,70116,10.2,"( 9.6, 10.9)",10.2,"( 9.6, 10.9)",364,337,27,0,0,0,0,100,47,33
indiana,perry,19102,10.0,"( 9.4, 10.6)",10.0,"( 9.4, 10.7)",350,324,26,0,0,0,0,80,50,35
indiana,porter,169594,9.4,"( 8.9, 10.0)",9.4,"( 8.9, 10.0)",365,214,146,4,1,0,0,164,64,47
indiana,posey,25540,9.9,"( 9.3, 10.6)",9.9,"( 9.3, 10.6)",360,326,34,0,0,0,0,100,50,34
indiana,st. joseph,270771,10.6,"(10.0, 11.2)",10.6,"(10.0, 11.2)",365,173,185,7,0,0,0,133,67,51
indiana,shelby,44593,10.1,"( 9.4, 10.8)",10.1,"( 9.5, 10.8)",361,331,25,5,0,0,0,112,49,34
indiana,spencer,20327,10.0,"( 9.5, 10.7)",10.1,"( 9.5, 10.8)",121,72,49,0,0,0,0,87,61,41
indiana,sullivan,20690,10.3,"( 9.8, 11.0)",10.3,"( 9.8, 11.0)",181,108,73,0,0,0,0,92,62,43
indiana,tippecanoe,193048,9.9,"( 9.3, 10.7)",9.8,"( 9.3, 10.4)",345,207,138,0,0,0,0,80,59,46
indiana,vanderburgh,180974,10.3,"( 9.7, 11.0)",10.3,"( 9.7, 11.0)",365,200,162,3,0,0,0,143,64,48
indiana,vigo,107386,10.4,"( 9.8, 11.1)",10.4,"( 9.8, 11.1)",365,188,174,3,0,0,0,115,67,50
indiana,wabash,31280,10.2,"( 9.6, 10.9)",10.3,"( 9.7, 11.0)",362,315,42,5,0,0,0,129,54,35
indiana,warrick,62567,9.6,"( 9.0, 10.3)",9.6,"( 9.0, 10.3)",365,324,38,3,0,0,0,126,51,35
indiana,whitley,34074,9.7,"( 9.1, 10.3)",9.7,"( 9.2, 10.4)",348,235,113,0,0,0,0,84,59,41
iowa,black hawk,132408,8.9,"( 8.4,  9.5)",8.9,"( 8.4,  9.4)",365,140,225,0,0,0,0,84,66,53
iowa,bremer,24947,8.2,"( 7.8,  8.8)",8.3,"( 7.8,  8.8)",245,224,19,2,0,0,0,112,50,37
iowa,cerro gordo,42647,8.6,"( 8.2,  9.2)",8.7,"( 8.3,  9.3)",115,115,0,0,0,0,0,46,31,16
iowa,clinton,46518,9.0,"( 8.5,  9.7)",9.1,"( 8.5,  9.8)",365,168,197,0,0,0,0,100,68,52
iowa,harrison,14134,8.7,"( 8.2,  9.2)",8.7,"( 8.2,  9.4)",245,213,30,2,0,0,0,101,58,39
iowa,johnson,151260,8.6,"( 8.1,  9.3)",8.5,"( 8.1,  9.0)",362,186,176,0,0,0,0,93,61,50
iowa,lee,34055,9.0,"( 8.6,  9.6)",9.1,"( 8.6,  9.7)",121,70,51,0,0,0,0,78,61,45
iowa,linn,225909,8.8,"( 8.3,  9.3)",8.8,"( 8.4,  9.4)",365,185,176,4,0,0,0,129,67,50
iowa,montgomery,10003,9.0,"( 8.5,  9.7)",9.2,"( 8.6,  9.9)",365,219,146,0,0,0,0,93,63,46
iowa,muscatine,42929,8.5,"( 8.0,  9.0)",8.5,"( 8.0,  9.0)",365,154,211,0,0,0,0,95,66,52
iowa,palo alto,8929,8.3,"( 7.8,  8.8)",8.4,"( 8.0,  8.9)",365,188,175,2,0,0,0,115,66,49
iowa,polk,487204,8.2,"( 7.7,  8.7)",8.1,"( 7.7,  8.7)",365,225,138,2,0,0,0,112,62,46
iowa,pottawattamie,93533,9.1,"( 8.6,  9.7)",9.1,"( 8.6,  9.7)",124,80,43,1,0,0,0,102,61,42
iowa,scott,173283,9.0,"( 8.5,  9.6)",9.0,"( 8.6,  9.6)",365,100,261,4,0,0,0,108,72,56
iowa,van buren,7020,8.9,"( 8.4,  9.4)",9.0,"( 8.5,  9.6)",359,230,129,0,0,0,0,100,61,43
iowa,woodbury,102539,8.8,"( 8.3,  9.3)",8.8,"( 8.3,  9.4)",122,81,41,0,0,0,0,93,58,44
kansas,chase,2629,9.6,"( 9.1, 10.2)",9.8,"( 9.2, 10.4)",116,96,20,0,0,0,0,67,53,30
kansas,ford,33888,9.6,"( 9.1, 10.2)",9.6,"( 9.1, 10.2)",354,325,28,1,0,0,0,129,41,17
kansas,johnson,597555,8.6,"( 8.1,  9.1)",8.6,"( 8.1,  9.1)",363,277,86,0,0,0,0,92,61,40
kansas,leavenworth,81352,9.4,"( 8.9, 10.0)",9.4,"( 8.9, 10.0)",362,325,37,0,0,0,0,100,51,33
kansas,neosho,15951,10.0,"( 9.4, 10.6)",10.1,"( 9.5, 10.7)",359,285,74,0,0,0,0,87,57,40
kansas,sedgwick,513607,9.9,"( 9.4, 10.5)",9.9,"( 9.4, 10.5)",365,238,127,0,0,0,0,100,64,44
kansas,shawnee,177499,9.8,"( 9.3, 10.4)",9.9,"( 9.4, 10.5)",365,194,171,0,0,0,0,99,67,50
kansas,sherman,5899,9.8,"( 9.2, 10.4)",9.9,"( 9.3, 10.5)",350,344,6,0,0,0,0,91,31,14
kansas,sumner,22996,9.8,"( 9.2, 10.5)",9.9,"( 9.3, 10.6)",365,293,72,0,0,0,0,90,58,38
kansas,trego,2793,9.3,"( 8.8,  9.9)",9.6,"( 9.0, 10.2)",364,287,76,1,0,0,0,130,61,39
kansas,wyandotte,165324,10.4,"( 9.9, 10.8)",10.3,"( 9.9, 10.8)",365,200,162,2,1,0,0,172,71,48
kentucky,bell,26569,12.8,"(11.9, 13.7)",12.9,"(11.9, 13.9)",256,224,32,0,0,0,0,84,52,39
